item,qty,spec,supplier,unit_cost_usd,make_buy,notes
1 Site box body,1,"18 mm exterior plywood (WBP), outside 1700 x 1020 x 1060 mm on two 70 x 45 mm treated timber skids; 45 x 45 mm treated timber corner battens; two hardwood rope-handle cleats; glued and screwed; exterior paint",Timber merchant,150.00,make,Indicative price for about 2.5 sheets of 18 mm plywood plus timber; 83 kg (cad/src/model.py); stays at the shed and is never carried to a slide
2 Site box lid,1,"18 mm exterior plywood top 1740 x 1060 mm with a 48 mm skirt all round that overlaps the body; drill card and stop rule printed on the lid (line 27)",Timber merchant,55.00,make,Indicative price; 21 kg; held open by a folding steel stay (line 3)
3 Box hardware,1,"Three galvanised strap hinges 300 mm; one heavy hasp and staple; one combination padlock (shrouded, weatherproof); folding steel lid stay; EPDM seal strip 10 x 3 mm, 5.5 m; four rope handles (12 mm rope)",Hardware store,48.00,buy,Indicative price; combination padlock so every trained member can open it without a key holder
4 Crawl boards,4,"Deck 15 mm exterior plywood 1500 x 450 mm with two hand slots 140 x 35 mm; two 45 x 70 mm treated timber battens 1500 mm long, 30 mm in from the edges; four 13 mm link holes; glued and screwed (5 x 60 mm stainless screws); anti-slip grit paint on the deck",Timber merchant,24.00,make,Indicative price; 9.7 kg each (cad/src/model.py)
5 Board link plates,8,"40 x 6 mm steel flat 160 mm long with two 12 mm round bar pins 75 mm long welded under it, 80 mm apart; galvanised or painted",Local steel stockholder,3.00,make,Indicative price; two per joint between boards; four spare
6 Probes,6,"Three sections of 16 x 2.0 mm steel tube 1000 mm long; 11.5 mm bright bar spigots 120 mm long welded half into the top of the lower two sections; tip turned from 22 mm bright bar (35 mm cone with a 3 mm rounded point, 20 mm parallel, 30 mm spigot) welded into the bottom section; T handle 26.9 x 2.6 mm tube 450 mm long; depth bands painted every 250 mm",Local steel stockholder and machine shop,24.00,make,Indicative price; 3.1 kg each; 3.07 m assembled
7 Probe joint pins,16,"R-clip (hitch pin clip) for a 5 mm hole, zinc plated, on a short lanyard",Fastener supplier,0.50,buy,Indicative price; two per probe and four spare
8 Shovels,4,"Long-handled round-point steel shovel, overall about 1.45 m, ash or fibreglass handle",Hardware store,18.00,buy,Indicative price; about 2.3 kg each
9 Capstan base frame with post,1,"Welded frame: 40 x 40 x 3 mm steel square tube about 2.1 m (two rails 700 mm, two cross members); 100 x 40 x 4 mm rectangular tube 360 mm (centre member); 60.3 x 5.0 mm steel tube 995 mm (post) through the centre member and welded above and below; four stake tubes 33.7 x 3.2 x 60 mm; two 8 mm roller cheek plates; 10 mm anchor eye plate with a 22 mm hole; tail cleat from 12 and 16 mm bar; two 12 mm pawl pins; 10 mm cross hole near the post top",Local steel stockholder,62.00,make,Indicative price; 19.2 kg (cad/src/model.py)
10 Capstan drum with holding ratchet,1,"114.3 x 3.6 mm steel tube 260 mm long (barrel); two 6 mm discs 230 mm OD; 76.1 x 3.2 mm tube 528 mm long (spindle); 8 mm top flange 140 mm OD with a 6.2 mm shear pin hole on a 60 mm radius; 24-tooth holding ratchet ring 210 mm OD from 6 mm plate (laser or plasma cut)",Local steel stockholder and profile cutter,70.00,make,Indicative price including profile cutting; 11.1 kg
11 Drive ratchet wheel,1,"20-tooth ratchet wheel 160 mm OD from 8 mm plate (laser or plasma cut), 61.3 mm bore, 6.2 mm shear pin hole on a 60 mm radius",Local profile cutter,12.00,make,Indicative price
12 Lever head,1,"88.9 x 5.0 mm steel tube 80 mm long (sleeve); two 50 x 50 x 3 mm square tube sockets 150 mm long with 13 mm pin holes; 8 mm pawl bracket plate; 12 mm pawl pin",Local steel stockholder,20.00,make,Indicative price; 2.4 kg
13 Pawls,3,"Two holding pawls from 10 mm plate and one drive pawl from 8 mm plate, profile cut, 12.5 mm pivot hole; light torsion springs; washers and R-clips",Local profile cutter,6.00,make,Indicative price
14 Capstan bars,2,"40 x 40 x 2.5 mm steel square tube 900 mm long with a 13 mm cross hole; 12 mm bar pin with R-clip each; plastic end caps",Local steel stockholder,10.00,make,Indicative price; 2.6 kg each
15 Bushes and thrust washers,1,"Acetal (POM) tube and plate: foot bush 75 x 60.5 x 12 mm; spindle bush 69.7 x 60.5 x 58 mm; head bush 78.9 x 60.5 x 80 mm; three thrust washers 4 and 2 mm thick",Plastics stockholder,28.00,make,Indicative price; turned or cut from acetal stock
16 Hold-down roller and pin,1,"60.3 x 3.6 mm steel tube 200 mm long with two acetal end bushes; 20 mm bright bar pin 240 mm long with R-clips",Local steel stockholder,15.00,make,Indicative price
17 Keeper collar and pin,1,"Steel collar 80 mm OD x 61 mm bore x 20 mm; 10 mm pin 96 mm long with an R-clip",Local steel stockholder,6.00,make,Indicative price
18 Shear pins,20,"6 mm round bar, S275 bright mild steel (not hardened), cut 32 mm long, with a split pin each",Local steel stockholder or fastener supplier,0.30,buy,Indicative price; releases at about 6.4 kN rope tension (HPL-CAL-001); spares on a tag chain at the capstan
19 Ground stakes and mallet,1,"Four stakes from 25 mm round steel bar 500 mm long, pointed, with a 44 mm washer welded on as a head; one 1.8 kg club hammer",Local steel stockholder and hardware store,32.00,make,Indicative price; stakes stop the frame turning and skating; they are not the anchor
20 Capstan rope,30,"14 mm polyester double braid, minimum breaking strength at least 40 kN; one eye splice with a thimble at the load end",Rope or chandlery supplier,2.40,buy,Indicative price per metre including the splice; 30 m
21 Slings and shackles,1,"Two polyester round slings WLL 2,000 kg (3 m and 2 m effective length); three bow shackles WLL 2,000 kg with 19 mm pins; one tree protector strap",Lifting gear supplier,66.00,buy,Indicative price; one sling for the anchor and one as a choker on timber or debris
22 Sheet clamp,1,"Two 50 x 8 mm steel flats 600 mm long with four 13 mm holes; four M12 x 60 bolts with wing nuts and washers; 10 mm lug plate with a 22 mm hole welded to the upper flat",Local steel stockholder,22.00,make,Indicative price; 4.6 kg; grips plastic sheeting or tarpaulin for the capstan
23 Sheet stretcher,1,"2 mm UV-stabilised HDPE sheet 2000 x 900 mm with twelve hand slots 130 x 35 mm; three 50 mm polyester webbing straps with cam buckles, riveted; a head haul strap; rolls to about 250 mm diameter",Plastics stockholder and webbing supplier,82.00,make,Indicative price; 3.9 kg
24 Lookout kit,1,"Two pealess whistles; six high-visibility vests; twenty 1 m fibreglass marker wands with orange flags; one safe-zone sign 300 x 200 mm on a stake; two armbands for the lookout and the search leader",Safety supplier,75.00,buy,Indicative price
25 Lighting,1,"Six head lamps and two hand lamps taking AA alkaline cells (no lithium cells in the box); 24 AA alkaline cells stored in their packet, out of the lamps",Hardware or outdoor store,95.00,buy,Indicative price; cells checked at each inspection
26 Personal protective equipment,1,"Eight pairs of cut-resistant gloves (EN 388 level C or better); four pairs of rubber safety boots with a steel midsole in mixed sizes; ten FFP2 masks; six pairs of safety glasses",Safety supplier,168.00,buy,Indicative price
27 Drill card and stop rule,1,"Weatherproof printed drill card and stop rule on the lid (inside and out); ten laminated A5 pocket cards; inspection log sheet",Print shop,25.00,buy,Indicative price; wording in HPL-PRC-001
28 Carry bags,1,"Probe bag 160 mm diameter x 1.2 m; rope bag; slings and clamp bag; lookout and lights bag; PPE bag; two carry straps for the capstan frame and drum",Outdoor or bag supplier,48.00,buy,Indicative price
29 Fasteners,1,"Stainless screws for the boards and box; M12 bolts for the clamp; spare R-clips and split pins",Fastener supplier,25.00,buy,Indicative price
30 Paint and consumables,1,"Zinc-rich primer and paint for steel; exterior paint for plywood; anti-slip grit; welding wire or electrodes; grinding and cutting discs",Hardware store,35.00,buy,Indicative price
